{
  "providers": [
    {
      "file": "minecraft:font/config_hopper.png",
      "type": "bitmap",
      "chars": ["🃁"],
      "ascent": 23,
      "height": 256
    },
    {
      "file": "minecraft:font/config_9x6.png",
      "type": "bitmap",
      "chars": ["🃂"],
      "ascent": 23,
      "height": 256
    },
    {
      "file": "minecraft:font/select_9x6.png",
      "type": "bitmap",
      "chars": ["🃃"],
      "ascent": 23,
      "height": 256
    },
    {
      "file": "minecraft:font/member_9x6.png",
      "type": "bitmap",
      "chars": ["🃄"],
      "ascent": 23,
      "height": 256
    },
    {
      "file": "minecraft:font/area_cp.png",
      "type": "bitmap",
      "chars": ["🃑"],
      "ascent": 23,
      "height": 256
    },
    {
      "file": "minecraft:font/space.png",
      "type": "bitmap",
      "chars": ["🂿"],
      "ascent": -32768,
      "height": -16
    }
  ]
}
